submission_id,title_id,submitted_at,reviewed_at,status,build_version
S001,T101,2026-09-01 09:00:00,2026-09-02 10:00:00,rejected,1
S002,T101,2026-09-04 09:00:00,2026-09-05 11:00:00,approved,2
S003,T102,2026-09-10 09:00:00,2026-09-11 09:00:00,approved,1
S004,T201,2026-09-02 09:00:00,2026-09-03 12:00:00,rejected,1
S009,T201,2026-09-04 09:00:00,2026-09-05 09:00:00,approved,2
S005,T202,2026-09-12 09:00:00,2026-09-14 09:00:00,rejected,1
S006,T202,2026-09-17 09:00:00,2026-09-18 10:00:00,approved,2
S007,T301,2026-09-01 09:00:00,2026-09-02 09:00:00,approved,1
S008,T302,2026-09-21 09:00:00,2026-09-22 10:00:00,approved,1
